Workbook
Name A1.: '[1]99_5NAAO'!#REF!
Name A1.: '[1]99_5NAAO'!#REF!
Name A1.: '[1]99_5NAAO'!#REF!
Name A1.: '[1]99_5NAAO'!#REF!
Name A1.: '[1]99_5NAAO'!#REF!
Name A1.: '[1]99_5NAAO'!#REF!
Name A1.: '[1]99_5NAAO'!#REF!
Name A1.: '[1]99_5NAAO'!#REF!
Name A1.: '[1]99_5NAAO'!#REF!
Name A1.: '[1]99_5NAAO'!#REF!
Name A1.: '[1]99_5NAAO'!#REF!
Name A1.: '[1]99_5NAAO'!#REF!
Name A1.: '[1]99_5NAAO'!#REF!
Name A1.: '[1]99_5NAAO'!#REF!
Name PLAN_DATE: #REF!
Name PLAN_DATE: #REF!
Name PLAN_DATE: #REF!
Name PLAN_DATE: #REF!
Name PLAN_DATE: #REF!
Name REPORT_DATE: #REF!
Name REPORT_DATE: #REF!
Name REPORT_DATE: #REF!
Name REPORT_DATE: #REF!
Name REPORT_DATE: #REF!
Name Status1: [2]Data!$A$1:$C$1
Name Status1: [2]Data!$A$1:$C$1
Name Status2: [2]Data!$A$2:$C$2
Name Status2: [2]Data!$A$2:$C$2
Name tableX: 'Status Summary pg.3'!$C$4:$I$8
Name tableXX: 'Status Summary pg.3'!$C$4:$I$8
Name TABLEZ: 'Status Summary pg.3'!$C$5:$I$8
Name VALIDATION_REPORT_DATE: #REF!
Name VALIDATION_REPORT_DATE: #REF!
Name VALIDATION_REPORT_DATE: #REF!
Name VALIDATION_REPORT_DATE: #REF!
Name VALIDATION_REPORT_DATE: #REF!
Name ynca: #REF!
Name ynca: #REF!
Name ynca: #REF!

Sheet Work Instruction pg.1
E2: Europe Business Management System | K2: Revision Date:
K3: 18/04/2024
B4: EA-EN-WH-P-009-F-01 | E4: DFM Item Check Form | K4: Revision Level:
B5: Form | K5: 7.0
B6: CONFIDENTIAL: This information is Yazaki property and must follow applicable global and regional confidentiality rules. Copies are reference only, see network for latest revision.
B8: Work Instruction
B11: This Global Design For Manufacturing Guideline is to define standardized concepts which provide the best practice for an engineering design that suits the manufacturing requirements in relation to handling and processing. This will enable the plants to deliver high quality harnesses at an optimized efficiency level. In addition, the guideline should help to standardize the engineering design. Chapter 1 of the Global DFM Guideline focuses on the items that may be needed before RFQ. The content of this chapter needs to be considered before the RFQ phase. During the architecture and general strategies phase, the general items from Chapter 1 have to be clarified. After a general decision on the items during design phase, the items from Chapter 1 do not have to be checked again. Chapters 2 through 7 of the Global DFM Guideline focus on the items that may be needed after the RFQ has been established. The Design Engineer should concentrate on the DFM items, in order to meet the Quality Cost Delivery (QCD). Chapter 8 focuses on the items required for Automation basing on the requirements of the Yazaki equipment and others available in the market. The content of this chapter needs to be considered as a “must” if the BU/Customer requires automation. This need to be done before and during RFQ phase when defining the architecture and general strategies of the program.

Sheet Cover CheckSheet pg.2
E2: Europe Business Management System | K2: Revision Date:
K3: ='Work Instruction pg.1'!K3 -> 18/04/2024
B4: EA-EN-WH-P-009-F-01 | E4: DFM Item Check Form | K4: Revision Level:
B5: Form | K5: ='Work Instruction pg.1'!K5 -> 7.0
B6: CONFIDENTIAL: This information is Yazaki property and must follow applicable global and regional confidentiality rules. Copies are reference only, see network for latest revision.
B8: DFM Review Sign Off Cover Sheet
B9: Program/Carline: | D9: HCB / DEFNE | H9: Drawing Number/Level: | K9: OCCM07NQ6Q 021
B10: OEM: | D10: RSA | H10: Harness Family: | K10: HARN-REAR BUMPER
B11: Manufacturing Plant: | D11: YMM | H11: Date of Review: | K11: 46094
B13: Team members:
C14: First name, Last name | E14: Manufacturing, Quality or Design | G14: Department | I14: Comment
B15: 1. | C15: B.KAR | E15: LE | G15: RNBU
B16: 2. | C16: A.SAYGI | E16: DE | G16: RNBU
B17: 3.
B18: 4.
B19: 5.
B20: 6.
B21: 7.
B22: 8.
B23: 9.
B24: 10.
B25: 11.
B26: 12.
B27: 13.
B28: 14.
B29: 15.
D31: Approval Engineering | G31: Approval Manufacturing
B32: Name: (printed character)
B33: Position:
B34: Date:
B35: Signature:

Sheet Status Summary pg.3
B2: Global Status of DFM issues
K3: 10/May/2023
C5: Status | D5: Design Input | E5: Design Input % | F5: Manufacturing Input | G5: Manufacturing Input % | H5: General Status | I5: General Status %
C6: Yes | D6: =K39 -> 93 | E6: =L39 -> 0.92079208 | F6: =K49 -> 0 | G6: =L49 -> 0 | H6: =K58 -> 0 | I6: =L58 -> 0
C7: No | D7: =K40 -> 0 | E7: =L40 -> 0 | F7: =K50 -> 0 | G7: =L50 -> 0 | H7: =K59 -> 0 | I7: =L59 -> 0
C8: Open | D8: =K41 -> 8 | E8: =L41 -> 0.079207921 | F8: =K51 -> 105 | G8: =L51 -> 1 | H8: =K60 -> 0 | I8: =L60 -> 0
B34: Calculation
C36: Design Input
D38: 1.Design & Development | E38: 2.General | F38: 3.Layout | G38: 4.Coverings & Components | H38: 5.Wire | I38: 6.Splicing | J38: 7.High Voltage | K38: Summary
C39: Yes | D39: =COUNTIF('CheckSheet 1 Design&Devlp pg.4'!$G$15:$G$99,C39) -> 10 | E39: =COUNTIF('CheckSheet 2 General pg.5'!$G$15:$G$101,C39) -> 23 | F39: =COUNTIF('CheckSheet 3 Layout pg.6'!$G$15:$G$100,C39) -> 12 | G39: =COUNTIF('CheckSheet 4 Coverings&Com pg.7'!$G$15:$G$99,C39) -> 9 | H39: =COUNTIF('CheckSheet 5 Wire pg.8'!$G$15:$G$99,C39) -> 10 | I39: =COUNTIF('CheckSheet 6 Splicing pg.9'!$G$15:$G$100,C39) -> 23 | J39: =COUNTIF('CheckSheet 7 High Voltage pg.10'!$G$15:$G$100,C39) -> 6 | K39: =SUM(C39:J39) -> 93 | L39: =IFERROR(K39/SUM($K$39:$K$41),0) -> 0.92079208
C40: No | D40: =COUNTIF('CheckSheet 1 Design&Devlp pg.4'!$G$15:$G$99,C40) -> 0 | E40: =COUNTIF('CheckSheet 2 General pg.5'!$G$15:$G$101,C40) -> 0 | F40: =COUNTIF('CheckSheet 3 Layout pg.6'!$G$15:$G$100,C40) -> 0 | G40: =COUNTIF('CheckSheet 4 Coverings&Com pg.7'!$G$15:$G$99,C40) -> 0 | H40: =COUNTIF('CheckSheet 5 Wire pg.8'!$G$15:$G$99,C40) -> 0 | I40: =COUNTIF('CheckSheet 6 Splicing pg.9'!$G$15:$G$100,C40) -> 0 | J40: =COUNTIF('CheckSheet 7 High Voltage pg.10'!$G$15:$G$100,C40) -> 0 | K40: =SUM(C40:J40) -> 0 | L40: =IFERROR(K40/SUM($K$39:$K$41),0) -> 0
C41: Open | D41: =COUNTIF('CheckSheet 1 Design&Devlp pg.4'!$G$15:$G$99,C41) -> 3 | E41: =COUNTIF('CheckSheet 2 General pg.5'!$G$15:$G$101,C41) -> 2 | F41: =COUNTIF('CheckSheet 3 Layout pg.6'!$G$15:$G$100,C41) -> 2 | G41: =COUNTIF('CheckSheet 4 Coverings&Com pg.7'!$G$15:$G$99,C41) -> 1 | H41: =COUNTIF('CheckSheet 5 Wire pg.8'!$G$15:$G$99,C41) -> 0 | I41: =COUNTIF('CheckSheet 6 Splicing pg.9'!$G$15:$G$100,C41) -> 0 | J41: =COUNTIF('CheckSheet 7 High Voltage pg.10'!$G$15:$G$100,C41) -> 0 | K41: =SUM(C41:J41) -> 8 | L41: =IFERROR(K41/SUM($K$39:$K$41),0) -> 0.079207921
C42: N/A | D42: =COUNTIF('CheckSheet 1 Design&Devlp pg.4'!$G$15:$G$99,C42) -> 0 | E42: =COUNTIF('CheckSheet 2 General pg.5'!$G$15:$G$101,C42) -> 0 | F42: =COUNTIF('CheckSheet 3 Layout pg.6'!$G$15:$G$100,C42) -> 0 | G42: =COUNTIF('CheckSheet 4 Coverings&Com pg.7'!$G$15:$G$99,C42) -> 1 | H42: =COUNTIF('CheckSheet 5 Wire pg.8'!$G$15:$G$99,C42) -> 3 | I42: =COUNTIF('CheckSheet 6 Splicing pg.9'!$G$15:$G$100,C42) -> 0 | J42: =COUNTIF('CheckSheet 7 High Voltage pg.10'!$G$15:$G$100,C42) -> 0 | K42: =SUM(C42:J42) -> 4
C43: Total | D43: =SUM(D39:D42) -> 13 | E43: =SUM(E39:E42) -> 25 | F43: =SUM(F39:F42) -> 14 | G43: =SUM(G39:G42) -> 11 | H43: =SUM(H39:H42) -> 13 | I43: =SUM(I39:I42) -> 23 | J43: =SUM(J39:J42) -> 6 | K43: =SUM(K39:K42) -> 105
C46: Manufacturing Input
D48: 1.Design & Development | E48: 2.General | F48: 3.Layout | G48: 4.Coverings & Components | H48: 5.Wire | I48: 6.Splicing | J48: 7.High Voltage | K48: Summary
C49: Yes | D49: =COUNTIF('CheckSheet 1 Design&Devlp pg.4'!$J$15:$J$99,C49) -> 0 | E49: =COUNTIF('CheckSheet 2 General pg.5'!$J$15:$J$101,C49) -> 0 | F49: =COUNTIF('CheckSheet 3 Layout pg.6'!$J$15:$J$100,C49) -> 0 | G49: =COUNTIF('CheckSheet 4 Coverings&Com pg.7'!$J$15:$J$99,C49) -> 0 | H49: =COUNTIF('CheckSheet 5 Wire pg.8'!$J$15:$J$99,C49) -> 0 | I49: =COUNTIF('CheckSheet 6 Splicing pg.9'!$J$15:$J$100,C49) -> 0 | J49: =COUNTIF('CheckSheet 7 High Voltage pg.10'!$J$15:$J$100,C49) -> 0 | K49: =SUM(D49:J49) -> 0 | L49: =IFERROR(K49/SUM($K$49:$K$51),0) -> 0
C50: No | D50: =COUNTIF('CheckSheet 1 Design&Devlp pg.4'!$J$15:$J$99,C50) -> 0 | E50: =COUNTIF('CheckSheet 2 General pg.5'!$J$15:$J$101,C50) -> 0 | F50: =COUNTIF('CheckSheet 3 Layout pg.6'!$J$15:$J$100,C50) -> 0 | G50: =COUNTIF('CheckSheet 4 Coverings&Com pg.7'!$J$15:$J$99,C50) -> 0 | H50: =COUNTIF('CheckSheet 5 Wire pg.8'!$J$15:$J$99,C50) -> 0 | I50: =COUNTIF('CheckSheet 6 Splicing pg.9'!$J$15:$J$100,C50) -> 0 | J50: =COUNTIF('CheckSheet 7 High Voltage pg.10'!$J$15:$J$100,C50) -> 0 | K50: =SUM(D50:J50) -> 0 | L50: =IFERROR(K50/SUM($K$49:$K$51),0) -> 0
C51: Open | D51: =COUNTIF('CheckSheet 1 Design&Devlp pg.4'!$J$15:$J$99,C51) -> 13 | E51: =COUNTIF('CheckSheet 2 General pg.5'!$J$15:$J$101,C51) -> 25 | F51: =COUNTIF('CheckSheet 3 Layout pg.6'!$J$15:$J$100,C51) -> 14 | G51: =COUNTIF('CheckSheet 4 Coverings&Com pg.7'!$J$15:$J$99,C51) -> 11 | H51: =COUNTIF('CheckSheet 5 Wire pg.8'!$J$15:$J$99,C51) -> 13 | I51: =COUNTIF('CheckSheet 6 Splicing pg.9'!$J$15:$J$100,C51) -> 23 | J51: =COUNTIF('CheckSheet 7 High Voltage pg.10'!$J$15:$J$100,C51) -> 6 | K51: =SUM(D51:J51) -> 105 | L51: =IFERROR(K51/SUM($K$49:$K$51),0) -> 1
C52: N/A | D52: =COUNTIF('CheckSheet 1 Design&Devlp pg.4'!$J$15:$J$99,C52) -> 0 | E52: =COUNTIF('CheckSheet 2 General pg.5'!$J$15:$J$101,C52) -> 0 | F52: =COUNTIF('CheckSheet 3 Layout pg.6'!$J$15:$J$100,C52) -> 0 | G52: =COUNTIF('CheckSheet 4 Coverings&Com pg.7'!$J$15:$J$99,C52) -> 0 | H52: =COUNTIF('CheckSheet 5 Wire pg.8'!$J$15:$J$99,C52) -> 0 | I52: =COUNTIF('CheckSheet 6 Splicing pg.9'!$J$15:$J$100,C52) -> 0 | J52: =COUNTIF('CheckSheet 7 High Voltage pg.10'!$J$15:$J$100,C52) -> 0 | K52: =SUM(D52:J52) -> 0
C53: Total | D53: =SUM(D49:D52) -> 13 | E53: =SUM(E49:E52) -> 25 | F53: =SUM(F49:F52) -> 14 | G53: =SUM(G49:G52) -> 11 | H53: =SUM(H49:H52) -> 13 | I53: =SUM(I49:I52) -> 23 | J53: =SUM(J49:J52) -> 6 | K53: =SUM(K49:K52) -> 105
C55: General Status
D57: 1.Design & Development | E57: 2.General | F57: 3.Layout | G57: 4.Coverings & Components | H57: 5.Wire | I57: 6.Splicing | J57: 7.High Voltage | K57: Summary
C58: Green | D58: =COUNTIF('CheckSheet 1 Design&Devlp pg.4'!$L$15:$L$99,C58) -> 0 | E58: =COUNTIF('CheckSheet 2 General pg.5'!$L$15:$L$101,C58) -> 0 | F58: =COUNTIF('CheckSheet 3 Layout pg.6'!$L$15:$L$100,C58) -> 0 | G58: =COUNTIF('CheckSheet 4 Coverings&Com pg.7'!$L$15:$L$99,C58) -> 0 | H58: =COUNTIF('CheckSheet 5 Wire pg.8'!$L$15:$L$99,C58) -> 0 | I58: =COUNTIF('CheckSheet 6 Splicing pg.9'!$L$15:$L$100,C58) -> 0 | J58: =COUNTIF('CheckSheet 7 High Voltage pg.10'!$L$15:$L$100,C58) -> 0 | K58: =SUM(D58:J58) -> 0 | L58: =IFERROR(K58/SUM($K$58:$K$60),0) -> 0
C59: Red | D59: =COUNTIF('CheckSheet 1 Design&Devlp pg.4'!$L$15:$L$99,C59) -> 0 | E59: =COUNTIF('CheckSheet 2 General pg.5'!$L$15:$L$101,C59) -> 0 | F59: =COUNTIF('CheckSheet 3 Layout pg.6'!$L$15:$L$100,C59) -> 0 | G59: =COUNTIF('CheckSheet 4 Coverings&Com pg.7'!$L$15:$L$99,C59) -> 0 | H59: =COUNTIF('CheckSheet 5 Wire pg.8'!$L$15:$L$99,C59) -> 0 | I59: =COUNTIF('CheckSheet 6 Splicing pg.9'!$L$15:$L$100,C59) -> 0 | J59: =COUNTIF('CheckSheet 7 High Voltage pg.10'!$L$15:$L$100,C59) -> 0 | K59: =SUM(D59:J59) -> 0 | L59: =IFERROR(K59/SUM($K$58:$K$60),0) -> 0
C60: Yellow | D60: =COUNTIF('CheckSheet 1 Design&Devlp pg.4'!$L$15:$L$99,C60) -> 0 | E60: =COUNTIF('CheckSheet 2 General pg.5'!$L$15:$L$101,C60) -> 0 | F60: =COUNTIF('CheckSheet 3 Layout pg.6'!$L$15:$L$100,C60) -> 0 | G60: =COUNTIF('CheckSheet 4 Coverings&Com pg.7'!$L$15:$L$99,C60) -> 0 | H60: =COUNTIF('CheckSheet 5 Wire pg.8'!$L$15:$L$99,C60) -> 0 | I60: =COUNTIF('CheckSheet 6 Splicing pg.9'!$L$15:$L$100,C60) -> 0 | J60: =COUNTIF('CheckSheet 7 High Voltage pg.10'!$L$15:$L$100,C60) -> 0 | K60: =SUM(D60:J60) -> 0 | L60: =IFERROR(K60/SUM($K$58:$K$60),0) -> 0
C61: Total | D61: =SUM(D58:D60) -> 0 | E61: =SUM(E58:E60) -> 0 | F61: =SUM(F58:F60) -> 0 | G61: =SUM(G58:G60) -> 0 | H61: =SUM(H58:H60) -> 0 | I61: =SUM(I58:I60) -> 0 | J61: =SUM(J58:J60) -> 0 | K61: =SUM(K58:K60) -> 0

Sheet CheckSheet 1 Design&Devlp pg.4
E2: Europe Business Management System | L2: Revision Date:
L3: ='Work Instruction pg.1'!K3 -> 18/04/2024
B4: EA-EN-WH-P-009-F-01 | E4: DFM Item Check Form | L4: Revision Level:
B5: Form | L5: ='Work Instruction pg.1'!K5 -> 7.0
B6: CONFIDENTIAL: This information is Yazaki property and must follow applicable global and regional confidentiality rules. Copies are reference only, see network for latest revision.
B8: Program/Carline: | D8: ='Cover CheckSheet pg.2'!D9 -> HCB / DEFNE | H8: Drawing Number/Level: | I8: ='Cover CheckSheet pg.2'!K9 -> OCCM07NQ6Q 021 | K8: OEM | L8: ='Cover CheckSheet pg.2'!D10 -> RSA
B9: Manufacturing Plant: | D9: ='Cover CheckSheet pg.2'!D11 -> YMM | H9: DFM review date: | I9: =IF('Cover CheckSheet pg.2'!K11="","0",'Cover CheckSheet pg.2'!K11) -> 46094 | K9: Harness Family: | L9: ='Cover CheckSheet pg.2'!K10 -> HARN-REAR BUMPER
G11: Design Input | J11: Manufacturing Input
G12: Meets Guideline Yes - No Open - N/A | H12: S: Status A: Action | I12: Location Description | J12: Agreed by MFG Yes - No Open - N/A | K12: Comment
B14: 1 | C14: Design & Development
B15: 1.01 | C15: Use J /C when necessary to improve sub-assy in manufacturing | G15: Yes | J15: Open
B16: 1.02 | C16: Use of ground blocks for bonder terminals | G16: Yes | J16: Open
B17: 1.03 | C17: Ultrasonic/bonder terminals for multi-crimp wires | G17: Yes | J17: Open
B18: 1.04 | C18: Avoid big complex W/H clarify max. possible wire lengths (circuit lengths 4 meters maximum) | G18: Yes | J18: Open
B19: 1.05 | C19: Use protectors with fixing tabs to fasten the wire bundle | G19: Yes | J19: Open
B20: 1.06 | C20: Use connectors that have considerations for circuit checkers | G20: Open | H20: YST engineering dpt. do not choose the connectors (Renault do it). | J20: Open
B21: 1.07 | C21: Avoid Connectors that may cause Terminal Push Out (TPO) | G21: Open | H21: YST engineering dpt. do not choose the connectors (Renault do it). | J21: Open
B22: 1.08 | C22: Avoid components that contain difficult assembly process | G22: Open | H22: YST engineering dpt. do not choose the connectors (Renault do it). | J22: Open
B23: 1.09 | C23: Molded-on grommets vs. applied grommets (pre-molded) | G23: Yes | J23: Open
B24: 1.10 | C24: One-Piece Clip Selection | G24: Yes | J24: Open
B25: 1.11 | C25: Avoid usage of similar clips contained in the same W/H | G25: Yes | J25: Open
B26: 1.13 | C26: Use tape-on clips with raised ends (“wings”) | G26: Yes | J26: Open
B27: 1.14 | C27: Washer tube selection | G27: Yes | J27: Open

Sheet CheckSheet 2 General pg.5
E2: Europe Business Management System | L2: Revision Date:
L3: ='Work Instruction pg.1'!K3 -> 18/04/2024
B4: EA-EN-WH-P-009-F-01 | E4: DFM Item Check Form | L4: Revision Level:
B5: Form | L5: ='Work Instruction pg.1'!K5 -> 7.0
B6: CONFIDENTIAL: This information is Yazaki property and must follow applicable global and regional confidentiality rules. Copies are reference only, see network for latest revision.
B8: Program/Carline: | D8: ='Cover CheckSheet pg.2'!D9 -> HCB / DEFNE | H8: Drawing Number/Level: | I8: ='Cover CheckSheet pg.2'!K9 -> OCCM07NQ6Q 021 | K8: OEM | L8: ='Cover CheckSheet pg.2'!D10 -> RSA
B9: Manufacturing Plant: | D9: ='Cover CheckSheet pg.2'!D11 -> YMM | H9: DFM review date: | I9: =IF('Cover CheckSheet pg.2'!K11="","0",'Cover CheckSheet pg.2'!K11) -> 46094 | K9: Harness Family: | L9: ='Cover CheckSheet pg.2'!K10 -> HARN-REAR BUMPER
G11: Design Input | J11: Manufacturing Input
G12: Meets Guideline Yes - No Open - N/A | H12: S: Status A: Action | I12: Location Description | J12: Agreed by MFG Yes - No Open - N/A | K12: Comment
B14: 2 | C14: General
B15: 2.01 | C15: Improper use of band clamps / tie straps | G15: Yes | J15: Open
B16: 2.02 | C16: Improper fixing of clips through band clamp usage | G16: Yes | J16: Open
B17: 2.03 | C17: Taping method for clips / retainers | G17: Yes | J17: Open
B18: 2.04 | C18: Proper clip "tab" directions on strap clips for good workability | G18: Yes | J18: Open
B19: 2.05 | C19: Strap clip fixing on harnesses and/or over Antenna/Specialty/Battery cables | G19: Yes | J19: Open
B20: 2.06 | C20: Preferred tape width | G20: Yes | J20: Open
B21: 2.07 | C21: Taping on thin branches | G21: Yes | J21: Open
B22: 2.08 | C22: Taping on branches ≤ 150 mm | G22: Yes | J22: Open
B23: 2.09 | C23: Tape Selection | G23: Yes | J23: Open
B24: 2.10 | C24: Use cross-taping (X, T, or P wrap) on all takeout points | G24: Yes | J24: Open
B25: 2.11 | C25: Proper ID tag location | G25: Yes | J25: Open
B26: 2.12 | C26: Communize circuits names and types for the same functions across derivatives | G26: Yes | J26: Open
... B33: 2.19 | C33: Avoid dip solder | G33: Yes | J33: Open
B34: 2.20 | C34: Terminal feeding from LHS | G34: Open | H34: this topic can not be taken in account by YST engeneering dpt (this must be evaluated by the ME in plant) | J34: Open
B35: 2.21 | C35: Crimp force monitoring: Phantom errors based on small headroom | G35: Open | H35: this topic can not be taken in account by YST engeneering dpt (this must be evaluated by the ME in plant after TR) | J35: Open
B36: 2.22 | C36: Minimum distance between tube / taping and the back of a connector | G36: Yes | J36: Open
B37: 2.23 | C37: Define a clear measuring point at the connector | G37: Yes | J37: Open
B38: 2.24 | C38: Appropriate terminal-wire-housing selection | G38: Yes | J38: Open
B39: 2.25 | C39: Delivering condition of Eyelets | G39: Yes | J39: Open

Sheet CheckSheet 3 Layout pg.6
E2: Europe Business Management System | L2: Revision Date:
L3: ='Work Instruction pg.1'!K3 -> 18/04/2024
B4: EA-EN-WH-P-009-F-01 | E4: DFM Item Check Form | L4: Revision Level:
B5: Form | L5: ='Work Instruction pg.1'!K5 -> 7.0
B6: CONFIDENTIAL: This information is Yazaki property and must follow applicable global and regional confidentiality rules. Copies are reference only, see network for latest revision.
B8: Program/Carline: | D8: ='Cover CheckSheet pg.2'!D9 -> HCB / DEFNE | H8: Drawing Number/Level: | I8: ='Cover CheckSheet pg.2'!K9 -> OCCM07NQ6Q 021 | K8: OEM | L8: ='Cover CheckSheet pg.2'!D10 -> RSA
B9: Manufacturing Plant: | D9: ='Cover CheckSheet pg.2'!D11 -> YMM | H9: DFM review date: | I9: =IF('Cover CheckSheet pg.2'!K11="","0",'Cover CheckSheet pg.2'!K11) -> 46094 | K9: Harness Family: | L9: ='Cover CheckSheet pg.2'!K10 -> HARN-REAR BUMPER
G11: Design input | J11: Manufacturing input
G12: Meets Guideline Yes - No Open - N/A | H12: S: Status A: Action | I12: Location Description | J12: Agreed by MFG Yes - No Open - N/A | K12: Comment
B14: 3 | C14: Layout
B15: 3.01 | C15: Commonization of splice location (same splice within different part numbers) | G15: Yes | J15: Open
B16: 3.02 | C16: Branch length commonization between part numbers within the same family | G16: Yes | J16: Open
B17: 3.03 | C17: Use same drawing layout within one harness family | G17: Yes | J17: Open
B18: 3.05 | C18: Position of main trunk on W/H drawing | G18: Yes | J18: Open
B19: 3.06 | C19: Maximum number of branches at a single branch point | G19: Yes | J19: Open
B20: 3.07 | C20: Proper orientations for takeouts (keep in 2 dimensions) | G20: Yes | J20: Open
B21: 3.08 | C21: Proper use and location of branch tape-backs for J/C | G21: Yes | J21: Open
B22: 3.09 | C22: Distance of fixing parts to components (≥ 30 mm) | G22: Yes | J22: Open
B23: 3.10 | C23: Proper location of clips in relationship to applied coverings | G23: Yes | J23: Open
B24: 3.11 | C24: Distance of fixing parts to takeout | G24: Yes | J24: Open
B25: 3.12 | C25: Minimum clearance from takeout point to connector (≥ 100 mm) | G25: Open | H25: Need a feedback of plant , if the problem exist. | I25: 175AA,174AA | J25: Open
B26: 3.13 | C26: Minimum clearance between two takeout points (≥ 100 mm) | G26: Open | H26: Need a feedback of plant , if the problem exist. | I26: N298721 - N298720, N2044304-N298728 | J26: Open
B27: 3.14 | C27: Pin-out of in-line connectors should match the process insertion sequence | G27: Yes | J27: Open
B28: 3.15 | C28: Ground subassemblies should be in sections & different trace color to guide routing | G28: Yes | J28: Open

Sheet CheckSheet 4 Coverings&Com pg.7
E2: Europe Business Management System | L2: Revision Date:
L3: ='Work Instruction pg.1'!K3 -> 18/04/2024
B4: EA-EN-WH-P-009-F-01 | E4: DFM Item Check Form | L4: Revision Level:
B5: Form | L5: ='Work Instruction pg.1'!K5 -> 7.0
B6: CONFIDENTIAL: This information is Yazaki property and must follow applicable global and regional confidentiality rules. Copies are reference only, see network for latest revision.
B8: Program/Carline: | D8: ='Cover CheckSheet pg.2'!D9 -> HCB / DEFNE | H8: Drawing Number/Level: | I8: ='Cover CheckSheet pg.2'!K9 -> OCCM07NQ6Q 021 | K8: OEM | L8: ='Cover CheckSheet pg.2'!D10 -> RSA
B9: Manufacturing Plant: | D9: ='Cover CheckSheet pg.2'!D11 -> YMM | H9: DFM review date: | I9: =IF('Cover CheckSheet pg.2'!K11="","0",'Cover CheckSheet pg.2'!K11) -> 46094 | K9: Harness Family: | L9: ='Cover CheckSheet pg.2'!K10 -> HARN-REAR BUMPER
G11: Design input | J11: Manufacturing input
G12: Meets Guideline Yes - No Open - N/A | H12: S: Status A: Action | I12: Location Description | J12: Agreed by MFG Yes - No Open - N/A | K12: Comment
B14: 4 | C14: Coverings & Components
B15: 4.02 | C15: Integrated connector spacers | G15: Yes | J15: Open
B16: 4.03 | C16: Tie straps or strap clips need to have sufficient length for tool usage | G16: Open | H16: this topic can not be taken in account by YST engineering dpt (this must be evaluated by the ME in plant) | J16: Open
B17: 4.04 | C17: Lever position clearly defined | G17: Yes | J17: Open
B18: 4.05 | C18: Foam tape on connectors | G18: N/A | J18: Open
B19: 4.06 | C19: Select a grommet that can expand to necessary size during assy process | G19: Yes | J19: Open
B20: 4.07 | C20: Same connector usage at same branch point | G20: Yes | J20: Open
B21: 4.08 | C21: Slit tubing vs. non-slit tubing | G21: Yes | J21: Open
B22: 4.09 | C22: Commonization of coverings/sleeves | G22: Yes | J22: Open
B23: 4.10 | C23: Dividing coverings | G23: Yes | J23: Open
B24: 4.11 | C24: Align covering dimension with W/H bundle diameter | G24: Yes | J24: Open
B25: 4.12 | C25: Using taping inside troughs / protectors | G25: Yes | J25: Open

Sheet CheckSheet 5 Wire pg.8
E2: Europe Business Management System | L2: Revision Date:
L3: ='Work Instruction pg.1'!K3 -> 18/04/2024
B4: EA-EN-WH-P-009-F-01 | E4: DFM Item Check Form | L4: Revision Level:
B5: Form | L5: ='Work Instruction pg.1'!K5 -> 7.0
B6: CONFIDENTIAL: This information is Yazaki property and must follow applicable global and regional confidentiality rules. Copies are reference only, see network for latest revision.
B8: Program/Carline: | D8: ='Cover CheckSheet pg.2'!D9 -> HCB / DEFNE | H8: Drawing Number/Level: | I8: ='Cover CheckSheet pg.2'!K9 -> OCCM07NQ6Q 021 | K8: OEM | L8: ='Cover CheckSheet pg.2'!D10 -> RSA
B9: Manufacturing Plant: | D9: ='Cover CheckSheet pg.2'!D11 -> YMM | H9: DFM review date: | I9: =IF('Cover CheckSheet pg.2'!K11="","0",'Cover CheckSheet pg.2'!K11) -> 46094 | K9: Harness Family: | L9: ='Cover CheckSheet pg.2'!K10 -> HARN-REAR BUMPER
G11: Design input | J11: Manufacturing input
G12: Meets Guideline Yes - No Open - N/A | H12: S: Status A: Action | I12: Location Description | J12: Agreed by MFG Yes - No Open - N/A | K12: Comment
B14: 5 | C14: Wire
B15: 5.01 | C15: Minimum circuit length (100 mm / 200 mm / 300 mm) | G15: Yes | J15: Open
B16: 5.02 | C16: Minimum length of shielded wires (≥ 180 mm) | G16: Yes | J16: Open
B17: 5.03 | C17: Minimum length of twisted wire (≥ 180 mm) | G17: Yes | J17: Open
B18: 5.04 | C18: Same twist direction for strands and wire | G18: Yes | J18: Open
B19: 5.05 | C19: Shielded / Twisted wire must include different color wires | G19: Yes | J19: Open
B20: 5.06 | C20: No Heat shrink process for wire type T1 / Class A (85 °C) | G20: Yes | J20: Open
B21: 5.08 | C21: Minimum wire size for sealed circuits (0.30 mm²) | G21: Yes | J21: Open
B22: 5.09 | C22: Proper location for wires 0.13 mm2 in a connector | G22: N/A | J22: Open
B23: 5.10 | C23: Double crimp for 0.13 mm2 wire | G23: N/A | J23: Open
B24: 5.11 | C24: Twisting for 0.13 mm2 wire | G24: N/A | J24: Open
B25: 5.13 | C25: Untwist length for Ethernet Cables | G25: Yes | J25: Open
B26: 5.14 | C26: Adding extra length wire to avoid damage to circuit | G26: Yes | J26: Open
B27: 5.15 | C27: Use of 9mm tape on twist pairs open ends | G27: Yes | J27: Open

Sheet CheckSheet 6 Splicing pg.9
E2: Europe Business Management System | L2: Revision Date:
L3: ='Work Instruction pg.1'!K3 -> 18/04/2024
B4: EA-EN-WH-P-009-F-01 | E4: DFM Item Check Form | L4: Revision Level:
B5: Form | L5: ='Work Instruction pg.1'!K5 -> 7.0
B6: CONFIDENTIAL: This information is Yazaki property and must follow applicable global and regional confidentiality rules. Copies are reference only, see network for latest revision.
B8: Program/Carline: | D8: ='Cover CheckSheet pg.2'!D9 -> HCB / DEFNE | H8: Drawing Number/Level: | I8: ='Cover CheckSheet pg.2'!K9 -> OCCM07NQ6Q 021 | K8: OEM | L8: ='Cover CheckSheet pg.2'!D10 -> RSA
B9: Manufacturing Plant: | D9: ='Cover CheckSheet pg.2'!D11 -> YMM | H9: DFM review date: | I9: =IF('Cover CheckSheet pg.2'!K11="","0",'Cover CheckSheet pg.2'!K11) -> 46094 | K9: Harness Family: | L9: ='Cover CheckSheet pg.2'!K10 -> HARN-REAR BUMPER
G11: Design input | J11: Manufacturing input
G12: Meets Guideline Yes - No Open - N/A | H12: S: Status A: Action | I12: Location Description | J12: Agreed by MFG Yes - No Open - N/A | K12: Comment
B14: 6 | C14: Splicing
B15: 6.01 | C15: Preferred welding process (only valid for YEL and YNCA) | G15: Yes | J15: Open
B16: 6.02 | C16: No tinned wires for ultrasonic welding | G16: Yes | J16: Open
B17: 6.03 | C17: Total quantity of wires on a splice (valid for ultrasonic welding and resistance welding) | G17: Yes | J17: Open
B18: 6.04 | C18: Maximum total cross section on splices Produced with Ultrasonic Welding Technology | G18: Yes | J18: Open
B19: 6.06 | C19: Large splice cross-sections > 26 mm²: Maximum quantity of wires | G19: Yes | J19: Open
B20: 6.07 | C20: Large splice cross-sections > 26 mm²: Unsymmetrically wire arrangement | G20: Yes | J20: Open
B21: 6.08 | C21: Protection of splices containing wires with low cross-section (only valid for YEL) | G21: Yes | J21: Open
B22: 6.09 | C22: Nominal cross section combination on splices | G22: Yes | J22: Open
B23: 6.10 | C23: Maximum total cross section ratio between opposite wires on splices Only applicable for waterproof splices | G23: Yes | J23: Open
B24: 6.11 | C24: Position of splices in relation to components | G24: Yes | J24: Open
B25: 6.12 | C25: Position of splices in relation to takeouts | G25: Yes | J25: Open
B26: 6.13 | C26: Minimum length of circuits connecting two splices | G26: Yes | H26: Need a feedback of plant , if the problem exist. | J26: Open
B27: 6.14 | C27: Distance of splices to each other within a W/H bundle (≥ 60 mm) | G27: Yes | I27: FX30:E9P-A / FX28:E151V-A / ENAU-F:FX26 FX301-E66H-B / FX300-E9P-B | J27: Open
B28: 6.15 | C28: Distance between splicing (≥ 150 mm) (only for on-board splice welding) | G28: Yes | J28: Open
B29: 6.16 | C29: Distance of splices within a CAN network system (x= 0 mm) | G29: Yes | J29: Open
B30: 6.17 | C30: Position of CAN splices within a W/H | G30: Yes | J30: Open
B31: 6.18 | C31: Minimum circuit length between an ultrasonic splice and crimped terminals (500mm) | G31: Yes | J31: Open
B32: 6.19 | C32: Minimum circuit length to allow using heat shrink machines | G32: Yes | J32: Open
B33: 6.20 | C33: No Brass materials for Bonder Welding | G33: Yes | J33: Open
B34: 6.21 | C34: Avoid U-turn splices | G34: Yes | H34: Need a feedback of plant , if the problem exist. | J34: Open
B35: 6.22 | C35: Welding Wire to Terminal | G35: Yes | J35: Open
B36: 6.23 | C36: Usage of Anticapillary Wire in a splice | G36: Yes | J36: Open
B37: 6.24 | C37: Avoid Splices with only two wires with same attributes | G37: Yes | J37: Open

Sheet CheckSheet 7 High Voltage pg.10
E2: Europe Business Management System | L2: Revision Date:
L3: ='Work Instruction pg.1'!K3 -> 18/04/2024
B4: EA-EN-WH-P-009-F-01 | E4: DFM Item Check Form | L4: Revision Level:
B5: Form | L5: ='Work Instruction pg.1'!K5 -> 7.0
B6: CONFIDENTIAL: This information is Yazaki property and must follow applicable global and regional confidentiality rules. Copies are reference only, see network for latest revision.
B8: Program/Carline: | D8: ='Cover CheckSheet pg.2'!D9 -> HCB / DEFNE | H8: Drawing Number/Level: | I8: ='Cover CheckSheet pg.2'!K9 -> OCCM07NQ6Q 021 | K8: OEM | L8: ='Cover CheckSheet pg.2'!D10 -> RSA
B9: Manufacturing Plant: | D9: ='Cover CheckSheet pg.2'!D11 -> YMM | H9: DFM review date: | I9: =IF('Cover CheckSheet pg.2'!K11="","0",'Cover CheckSheet pg.2'!K11) -> 46094 | K9: Harness Family: | L9: ='Cover CheckSheet pg.2'!K10 -> HARN-REAR BUMPER
G11: Design Input | J11: Manufacturing Input
G12: Meets Guideline Yes - No Open - N/A | H12: S: Status A: Action | I12: Location Description | J12: Agreed by MFG Yes - No Open - N/A | K12: Comment
B14: 7 | C14: High Voltage
B15: 7.01 | C15: Properly marking wires when multiple wires of the same color are in a single connector | G15: Yes | J15: Open
B16: 7.02 | C16: Specify which wires go into each channel of a shield / trough / routing aid | G16: Yes | J16: Open
B17: 7.03 | C17: Use a tie strap to secure wires to shields / troughs / routing aids | G17: Yes | J17: Open
B18: 7.04 | C18: No HV wires with paper | G18: Yes | J18: Open
B19: 7.05 | C19: Avoid terminals that have coil springs | G19: Yes | J19: Open
B20: 7.06 | C20: Avoid using pre-assembled connector kits | G20: Yes | J20: Open

Sheet CheckSheet 8 Automation pg.11
E2: Europe Business Management System | L2: Revision Date:
L3: ='Work Instruction pg.1'!K3 -> 18/04/2024
B4: EA-EN-WH-P-009-F-01 | E4: DFM Item Check Form | L4: Revision Level:
B5: Form | L5: ='Work Instruction pg.1'!K5 -> 7.0
B6: CONFIDENTIAL: This information is Yazaki property and must follow applicable global and regional confidentiality rules. Copies are reference only, see network for latest revision.
B8: Program/Carline: | D8: ='Cover CheckSheet pg.2'!D9 -> HCB / DEFNE | H8: Drawing Number/Level: | I8: ='Cover CheckSheet pg.2'!K9 -> OCCM07NQ6Q 021 | K8: OEM | L8: ='Cover CheckSheet pg.2'!D10 -> RSA
B9: Manufacturing Plant: | D9: ='Cover CheckSheet pg.2'!D11 -> YMM | H9: DFM review date: | I9: =IF('Cover CheckSheet pg.2'!K11="","0",'Cover CheckSheet pg.2'!K11) -> 46094 | K9: Harness Family: | L9: ='Cover CheckSheet pg.2'!K10 -> HARN-REAR BUMPER
G11: Design Input
B12: N/A FOR DFM ACTIVITIES WITH MANUFACTURING | G12: Meets Guideline Yes - No Open - N/A | H12: S: Status A: Action | I12: Location Description
B14: 8 | C14: Automation
B15: 8.01 | C15: Wire Part Numbers should be up to 30 | G15: Yes
B16: 8.02 | C16: Wire length must be between 300mm and 3000mm | G16: Open
B17: 8.03 | C17: Limit nominal cross-sections of single-core wires 0.13-2.5mm² | G17: Yes
B18: 8.04 | C18: Avoid shielded, multicore, antenna / specialty cables | G18: Yes
B19: 8.05 | C19: Connector insertion surface must be flat | G19: Yes
B20: 8.06 | C20: Minimum distance from connector extremity to cavities | G20: N/A
B21: 8.07 | C21: Connector size must be maximum 50mm*120mm*50mm | G21: N/A
B22: 8.08 | C22: Secondary lock design | G22: N/A
B23: 8.09 | C23: Lever / Cover design | G23: N/A
B24: 8.10 | C24: Avoid usage of splices, eyelets and multi-crimping | G24: N/A
B25: 8.11 | C25: Selection of connector terminals | G25: N/A
B26: 8.12 | C26: Selection of Cavity Seals | G26: N/A
... B35: 8.21 | C35: HV - Select a wire type insulation with a minimum clearance of 0.2mm between mininum tolerance connector rear holder diameter and maximum wire insulation diameter | G35: N/A

Sheet Cover CheckSheet Sample pg.12
E2: Europe Business Management System | K2: Revision Date:
K3: ='Work Instruction pg.1'!K3 -> 18/04/2024
B4: EA-EN-WH-P-009-F-01 | E4: DFM Item Check Form | K4: Revision Level:
B5: Form | K5: ='Work Instruction pg.1'!K5 -> 7.0
B6: CONFIDENTIAL: This information is Yazaki property and must follow applicable global and regional confidentiality rules. Copies are reference only, see network for latest revision.
B8: DFM Review Sign Off Cover Sheet
B9: Program/Carline: | D9: AB123 | H9: Drawing Number/Level: | K9: X4238-A957
B10: OEM: | D10: GM | H10: Harness Family: | K10: Body
B11: Manufacturing Plant: | D11: MTY | H11: Date of Review: | K11: 42398
B13: Team members:
C14: First name, Last name | E14: Manufacturing, Quality or Design | G14: Department | I14: Comment
B15: 1. | C15: Ricky Williams | E15: Design | G15: Design | I15: Please review before signing off on DFM.
B16: 2. | C16: Mike Brown | E16: Manufacturing | G16: Plant Floor | I16: Please review before signing off on DFM.
B17: 3.
B18: 4.
B19: 5.
B20: 6.
B21: 7.
B22: 8.
B23: 9.
B24: 10.
B25: 11.
B26: 12.
B27: 13.
B28: 14.
D30: Approval Engineering | G30: Approval Manufacturing
B31: Name: (printed character) | D31: Bryson Green | G31: Carlos Lopez
B32: Position: | D32: Manager | G32: Manager
B33: Date: | D33: 42394 | G33: 42395
B34: Signature: | D34: Bryson Green | G34: Carlos Lopez

Sheet CheckSheet Sample pg.13
E2: Europe Business Management System | L2: Revision Date:
L3: ='Work Instruction pg.1'!K3 -> 18/04/2024
B4: EA-EN-WH-P-009-F-01 | E4: DFM Item Check Form | L4: Revision Level:
B5: Form | L5: ='Work Instruction pg.1'!K5 -> 7.0
B6: CONFIDENTIAL: This information is Yazaki property and must follow applicable global and regional confidentiality rules. Copies are reference only, see network for latest revision.
B8: Program/Carline: | D8: AB123 | H8: Drawing Number/Level: | I8: X4238-A957 | K8: OEM: | L8: GM
B9: Manufacturing Plant: | D9: MTY | H9: DFM review date: | I9: 42398 | K9: Harness Family: | L9: Body
G11: Design input | J11: Manufacturing input
G12: Meets Guideline Yes - No Open - N/A | H12: S: Status A: Action | I12: Location Description | J12: Agreed by MFG Yes - No Open - N/A | K12: Comment
B14: S | C14: Chapter name
B15: S.01 | C15: Taping on thin branches (spot tape) | G15: yes | J15: yes
B16: S.02 | C16: Avoid similar terminal on single circuits | G16: yes | H16: S: Checked | J16: yes
B17: S.03 | C17: Lever position clearly defined | G17: no | H17: A: Detail will be implemented with next release | J17: yes
B18: S.04 | C18: Crimp force Monitoring: Phantom errors based on small headroom (discussed with the plant | G18: open | H18: S: Waiting on MFG input | J18: open | K18: waiting on prototype builds
B19: S.05 | C19: Proper circuit distribution within a connector | G19: no | H19: S: No change of wire color possible: OEM requirement | I19: at connector C321 | J19: yes | K19: solved by wire insertion at different line position
B20: S.06 | C20: Total quantity of wire on a splice (end splice 6 / go through splice 10) | G20: no | H20: a change will have a huge effect to the whole architecture | I20: at splice S456 number of wire 12 | J20: open | K20: splice has to be verified by manufacturing feasibility study
B21: S.06 | G21: no | H21: a change will have a huge effect to the whole architecture | I21: at splice S789 number of wire 19 | J21: no | K21: technically not possible

Sheet CheckSheet Explanation pg.14
E2: Europe Business Management System | K2: Revision Date:
K3: ='Work Instruction pg.1'!K3 -> 18/04/2024
B4: EA-EN-WH-P-009-F-01 | E4: DFM Item Check Form | K4: Revision Level:
B5: Form | K5: ='Work Instruction pg.1'!K5 -> 7.0
B6: CONFIDENTIAL: This information is Yazaki property and must follow applicable global and regional confidentiality rules. Copies are reference only, see network for latest revision.
B8: DFM Guideline Checklist Explanation
B12: 1 | C12: YES means: The design fulfill 100% the DFM requirements.
C13: NO means: The design is against the DFM requirements.
C14: OPEN means: The design is not finished, the final design is not defined.
C15: N/A means: DFM requirements are not applicable for this W/H
B17: 2 | C17: Status: Add here reason for rejection, additional information.
C18: Action: Add here what are the next steps for this specific item.
B20: 3 | C20: Please add for each comment the S for Status or A for Action.
B22: 4 | C22: Please describe clearly the location e.g. by drawing grid, connector name, node number…
B24: 5 | C24: YES means: MFG agreed to the design and the product can be built efficiently.
C25: NO means: MFG can not build the product within the normal range.
C26: OPEN means: MFG has to establish the answer, e.g. for splices to establish CPK data.
C27: N/A means: DFM requirements are not applicable for this W/H
B29: 6 | C29: Add here any comment which is useful to explain the status/next action.

Sheet Revision History
B2: DOCUMENT HISTORY:
B5: Revision Summary | I5: Revision | J5: Date | K5: Process Owner
B6: Document control number changed to EA-EN-WH-P-009-F-01. Supersedes previous version EA-EN-WH-I-010-F-01 | I6: New | J6: 08/Oct/2021 | K6: Joerg Tillmann
B7: Automatic naming after Cover Checksheet input Revision Check Sheet Explanation item 1 Revision of titles 4.11, 6.18, 7.05 Added new DFM items 1.13, 1.14 Remove item 2.26 Merge chapter 2 and 6 sheets | I7: 1.0 | J7: 28/Feb/2022 | K7: Joerg Tillmann
B8: Revision of title 5.12 Added new DFM item 5.15 | I8: 2.0 | J8: 31/Mar/2022 | K8: Joerg Tillmann
B9: Status summary correction | I9: 3.0 | J9: 09/Sep/2022 | K9: Joerg Tillmann
B10: Work Instruction and CheckSheet Explanation updates Status Summary update Revision of Items 2.04, 3.08, 3.11, 6.09 Added new DFM item 7.06 Added new Chapter 8 - Automation | I10: 4.0 | J10: 24/Apr/2023 | K10: Joerg Tillmann
B11: Status Summary correction | I11: 5.0 | J11: 10/May/2023 | K11: Joerg Tillmann
B12: Removal of General Status Add N/A status Status Summary Update Add Quality on Cover sheet | I12: 6.0 | J12: 11/Oct/2023 | K12: Joerg Tillmann
B13: Revision of 1.07, 1.11, 2.12, 5.09 Added new DFM item 6.24 Delete items 1.12, 3.04, 4.01, 4.13, 5.07, 5.12, 6.05 | I13: 7.0 | J13: 18/04/2024 | K13: Joerg Tillmann
